title,doi,year,url,status,
Parallelizing and optimizing compilation for synchronous languages: new directions for high-performance embedded systems,10.1145/2443608.2443609,2013,https://doi.org/10.1145/2443608.2443609,2,
RJOP: a customized Java processor for reactive embedded systems,10.1145/2024724.2024952,2011,https://doi.org/10.1145/2024724.2024952,3,
Schedule Agnostic Semantics for Reactive Probabilistic Programming,10.1145/3737889,2025,https://doi.org/10.1145/3737889,3,
A Comparison of OO and Reactive Based Specifications on the Design of Embedded Systems,,2000,,2,
Static data-flow analysis of synchronous programs,,2009,,3,
"A synchronous embedding of Antescofo, a domain-specific language for interactive mixed music",,2013,,3,
ILPc: a novel approach for scalable timing analysis of synchronous programs,,2013,,3,
Elevate embedded real-time programming with a synchronous language,10.1145/3127041.3131363,2017,https://doi.org/10.1145/3127041.3131363,1,https://github.com/blech-lang/blech
A formal approach to component based development of synchronous programs,10.1145/370155.370432,2001,https://doi.org/10.1145/370155.370432,3,
