database,source_row,source_id,title,authors,normalized_title,normalized_authors,year,doi,publication_title,document_type,url
wos,2,WOS:001142109200005,Implementation and Evaluation of an Interpreter for Functional Reactive Programming on Small Embedded Devices,"Suzuki, G; Watanabe, T; Moriguchi, S",implementation and evaluation of an interpreter for functional reactive programming on small embedded devices,suzuki g watanabe t moriguchi s,2023,10.1145/3594671.3594674,"COMPANION PROCEEDINGS OF THE 7TH INTERNATIONAL CONFERENCE ON THE ART, SCIENCE, AND ENGINEERING OF PROGRAMMING, PROGRAMMING 2023",Proceedings Paper,View Full Record in Web of Science
wos,3,WOS:000431847000001,CFRP: A Functional Reactive Programming Language for Small-Scale Embedded Systems,"Suzuki, K; Nagayama, K; Sawada, K; Watanabe, T",cfrp a functional reactive programming language for small scale embedded systems,suzuki k nagayama k sawada k watanabe t,2018,,THEORY AND PRACTICE OF COMPUTATION,Proceedings Paper,View Full Record in Web of Science
wos,4,WOS:000389810000014,Emfrp: A Functional Reactive Programming Language for Small-Scale Embedded Systems,"Sawada, K; Watanabe, T",emfrp a functional reactive programming language for small scale embedded systems,sawada k watanabe t,2016,10.1145/2892664.2892670,COMPANION PROCEEDINGS OF THE 15TH INTERNATIONAL CONFERENCE ON MODULARITY (MODULARITY COMPANION'16),Proceedings Paper,View Full Record in Web of Science
wos,5,WOS:000276774500034,Response Time Analysis for the Abort-and-Restart Event Handlers of the Priority-Based Functional Reactive Programming (P-FRP) Paradigm,"Ras, J; Cheng, AMK",response time analysis for the abort and restart event handlers of the priority based functional reactive programming p frp paradigm,ras j cheng amk,2009,10.1109/RTCSA.2009.64,"2009 15TH IEEE INTERNATIONAL CONFERENCE ON EMBEDDED AND REAL-TIME COMPUTING SYSTEMS AND APPLICATIONS, PROCEEDINGS",Proceedings Paper,View Full Record in Web of Science
wos,6,WOS:001142735400005,Periodic and Aperiodic Task Description Mechanisms in an FRP Language for Small-Scale Embedded Systems,"Sogo, K; Tsuji, Y; Moriguchi, S; Watanabe, T",periodic and aperiodic task description mechanisms in an frp language for small scale embedded systems,sogo k tsuji y moriguchi s watanabe t,2023,10.1145/3623506.3623578,"PROCEEDINGS OF THE 10TH ACM SIGPLAN INTERNATIONAL WORKSHOP ON REACTIVE AND EVENT-BASED LANGUAGES AND SYSTEMS, REBLS 2023",Proceedings Paper,View Full Record in Web of Science
wos,7,WOS:000511348500013,Rhine: FRP with Type-Level Clocks,"Bärenz, M; Perez, I",rhine frp with type level clocks,bärenz m perez i,2018,10.1145/3242744.3242757,PROCEEDINGS OF THE 11TH ACM SIGPLAN INTERNATIONAL SYMPOSIUM ON HASKELL (HASKELL '18),Proceedings Paper,View Full Record in Web of Science
wos,8,WOS:000452800400013,Rhine: FRP with Type-Level Clocks,"Bärenz, M; Perez, I",rhine frp with type level clocks,bärenz m perez i,2018,10.1145/3242744.3242757,ACM SIGPLAN NOTICES,Proceedings Paper,View Full Record in Web of Science
wos,9,WOS:001315083400002,Towards a Statically Scheduled Parallel Execution of an FRP Language for Embedded Systems,"Sakurai, Y; Watanabe, T",towards a statically scheduled parallel execution of an frp language for embedded systems,sakurai y watanabe t,2019,10.1145/3358503.3361276,"PROCEEDINGS OF THE 6TH ACM SIGPLAN INTERNATIONAL WORKSHOP ON REACTIVE AND EVENT-BASED LANGUAGES AND SYSTEMS, REBLS 2019",Proceedings Paper,View Full Record in Web of Science
wos,10,WOS:000280546200004,Safe Functional Reactive Programming through Dependent Types,"Sculthorpe, N; Nilsson, H",safe functional reactive programming through dependent types,sculthorpe n nilsson h,2009,,ICFP'09: PROCEEDINGS OF THE 2009 ACM SIGPLAN INTERNATIONAL CONFERENCE ON FUNCTIONAL PROGRAMMING,Proceedings Paper,View Full Record in Web of Science
wos,11,WOS:000271211700005,Safe Functional Reactive Programming through Dependent Types,"Sculthorpe, N; Nilsson, H",safe functional reactive programming through dependent types,sculthorpe n nilsson h,2009,10.1145/1631687.1596558,ACM SIGPLAN NOTICES,Article; Proceedings Paper,View Full Record in Web of Science
wos,12,WOS:001322544400022,A Functional Reactive Programming Language for Wirelessly Connected Shape-Changeable Chiplet-Based Computers,"Izawa, Y; Kadomoto, J; Irie, H; Sakai, S",a functional reactive programming language for wirelessly connected shape changeable chiplet based computers,izawa y kadomoto j irie h sakai s,2023,10.1145/3618305.3623608,"COMPANION PROCEEDINGS OF THE 2023 ACM SIGPLAN INTERNATIONAL CONFERENCE ON SYSTEMS, PROGRAMMING, LANGUAGES, AND APPLICATIONS: SOFTWARE FOR HUMANITY, SPLASH COMPANION 2023",Proceedings Paper,View Full Record in Web of Science
wos,13,WOS:001315084300001,Towards Introducing Asynchronous Tasks to an FRP Language for Small-Scale Embedded Systems,"Yokoyama, A; Moriguchi, S; Watanabe, T",towards introducing asynchronous tasks to an frp language for small scale embedded systems,yokoyama a moriguchi s watanabe t,2022,10.1145/3563837.3568338,"PROCEEDINGS OF THE 9TH ACM SIGPLAN INTERNATIONAL WORKSHOP ON REACTIVE AND EVENT-BASED LANGUAGES AND SYSTEMS, REBLS 2022",Proceedings Paper,View Full Record in Web of Science
wos,14,WOS:000611567400016,Efficient Functional Reactive Programming Through Incremental Behaviors,"Reynders, B; Devriese, D",efficient functional reactive programming through incremental behaviors,reynders b devriese d,2017,10.1007/978-3-319-71237-6_16,PROGRAMMING LANGUAGES AND SYSTEMS (APLAS 2017),Proceedings Paper,View Full Record in Web of Science
wos,15,WOS:000637315700012,Functional Reactive EDSL with Asynchronous Execution for Resource-Constrained Embedded Systems,"Wang, S; Watanabe, T",functional reactive edsl with asynchronous execution for resource constrained embedded systems,wang s watanabe t,2020,10.1007/978-3-030-26428-4_12,"SOFTWARE ENGINEERING, ARTIFICIAL INTELLIGENCE, NETWORKING AND PARALLEL/DISTRIBUTED COMPUTING",Proceedings Paper,View Full Record in Web of Science
wos,16,WOS:001322423200009,The Sparse Synchronous Model on Real Hardware,"Hui, JH; Edwards, SA",the sparse synchronous model on real hardware,hui jh edwards sa,2024,10.1145/3572920,ACM TRANSACTIONS ON EMBEDDED COMPUTING SYSTEMS,Article,View Full Record in Web of Science
wos,17,WOS:000803059600007,The Sparse Synchronous Model,"Edwards, SA; Hui, J",the sparse synchronous model,edwards sa hui j,2020,10.1109/fdl50818.2020.9232938,PROCEEDINGS OF THE 2020 FORUM FOR SPECIFICATION AND DESIGN LANGUAGES (FDL),Proceedings Paper,View Full Record in Web of Science
wos,18,WOS:000342305300002,Synchronous Techniques for Software and Hardware Embedded Systems,"Berry, G",synchronous techniques for software and hardware embedded systems,berry g,2009,10.3233/978-1-58603-976-9-43,ENGINEERING METHODS AND TOOLS FOR SOFTWARE SAFETY AND SECURITY,Proceedings Paper,View Full Record in Web of Science
wos,19,WOS:000217661400007,Utilisation bounds of P-FRP tasks,"Belwal, C; Wen, YF; Cheng, AMK",utilisation bounds of p frp tasks,belwal c wen yf cheng amk,2014,10.1504/IJES.2014.060918,INTERNATIONAL JOURNAL OF EMBEDDED SYSTEMS,Article,View Full Record in Web of Science
wos,20,WOS:000296681800020,Determining Actual Response Time in P-FRP,"Belwal, C; Cheng, AMK",determining actual response time in p frp,belwal c cheng amk,2011,,PRACTICAL ASPECTS OF DECLARATIVE LANGUAGES,Proceedings Paper,View Full Record in Web of Science
wos,21,WOS:000410208500134,Feasibility Interval for the Transactional Event Handlers of P-FRP,"Belwal, C; Cheng, AMK",feasibility interval for the transactional event handlers of p frp,belwal c cheng amk,2011,10.1109/TrustCom.2011.133,TRUSTCOM 2011: 2011 INTERNATIONAL JOINT CONFERENCE OF IEEE TRUSTCOM-11/IEEE ICESS-11/FCST-11,Proceedings Paper,View Full Record in Web of Science
wos,22,WOS:000316837300003,Feasibility interval for the transactional event handlers of P-FRP,"Belwal, C; Cheng, AMK; Liu, B",feasibility interval for the transactional event handlers of p frp,belwal c cheng amk liu b,2013,10.1016/j.jcss.2012.11.006,JOURNAL OF COMPUTER AND SYSTEM SCIENCES,Article,View Full Record in Web of Science
wos,23,WOS:001314212800005,Programming Microcontrollers through High-Level Abstractions,"Varoumas, S; Pesin, B; Vaugon, B; Chailloux, E",programming microcontrollers through high level abstractions,varoumas s pesin b vaugon b chailloux e,2020,10.1145/3427765.3428495,"PROCEEDINGS OF THE 12TH ACM SIGPLAN INTERNATIONAL WORKSHOP ON VIRTUAL MACHINES AND INTERMEDIATE LANGUAGES, VMIL 2020",Proceedings Paper,View Full Record in Web of Science
wos,24,WOS:000427173400007,Autonomic Management of Missions and Reconfigurations in FPGA-based Embedded System,"Gueye, SMK; Rutten, É; Diguet, JP",autonomic management of missions and reconfigurations in fpga based embedded system,gueye smk rutten é diguet jp,2017,,2017 NASA/ESA CONFERENCE ON ADAPTIVE HARDWARE AND SYSTEMS (AHS),Proceedings Paper,View Full Record in Web of Science
wos,25,WOS:001150037200001,Programming microcontrollers through high-level abstractions: The OMicroB project,"Varoumas, S; Pesin, B; Vaugon, B; Chailloux, E",programming microcontrollers through high level abstractions the omicrob project,varoumas s pesin b vaugon b chailloux e,2023,10.1016/j.cola.2023.101228,JOURNAL OF COMPUTER LANGUAGES,Article,View Full Record in Web of Science
wos,26,WOS:000225880300026,Customizing processor cores to support reactivity,"Salcic, Z; Roop, P",customizing processor cores to support reactivity,salcic z roop p,2004,,ERSA '04: THE 2004 INTERNATIONAL CONFERENCE ON ENGINEERING OF RECONFIGURABLE SYSTEMS AND ALGORITHMS,Proceedings Paper,View Full Record in Web of Science
wos,27,WOS:001758954500005,WCET of OCaml Bytecode on Microcontrollers: An Automated Method and Its Formalisation,"Varoumas, S; Crolard, T",wcet of ocaml bytecode on microcontrollers an automated method and its formalisation,varoumas s crolard t,2019,10.4230/OASIcs.WCET.2019.5,"19TH INTERNATIONAL WORKSHOP ON WORST-CASE EXECUTION TIME ANALYSIS, WCET 2019",Proceedings Paper,View Full Record in Web of Science
wos,28,WOS:000173022800018,An ESTEREL-based reactive JAVA extension for reactive embedded systems development,"Antoniotti, M; Ferrari, A; Flesca, A; Sangiovanni-Vincentelli, A",an esterel based reactive java extension for reactive embedded systems development,antoniotti m ferrari a flesca a sangiovanni vincentelli a,2001,,SYSTEM-ON-CHIP METHODOLOGIES & DESIGN LANGUAGES,Proceedings Paper,View Full Record in Web of Science
wos,29,WOS:000389942800011,Formally Unifying Modeling and Design for Embedded Systems - A Personal View,"Berry, G",formally unifying modeling and design for embedded systems a personal view,berry g,2016,10.1007/978-3-319-47169-3_11,"LEVERAGING APPLICATIONS OF FORMAL METHODS, VERIFICATION AND VALIDATION: DISCUSSION, DISSEMINATION, APPLICATIONS, ISOLA 2016, PT II",Proceedings Paper,View Full Record in Web of Science
wos,30,WOS:000842999100003,FRP IoT Modules as a Scala DSL,"Calus, B; Reynders, B; Devriese, D; Noorman, J; Piessens, F",frp iot modules as a scala dsl,calus b reynders b devriese d noorman j piessens f,2017,10.1145/3141858.3141861,PROCEEDINGS OF THE 4TH ACM SIGPLAN INTERNATIONAL WORKSHOP ON REACTIVE AND EVENT-BASED LANGUAGES AND SYSTEMS (REBLS'17),Proceedings Paper,View Full Record in Web of Science
wos,31,WOS:000180715800005,The synchronous languages 12 years later,"Benveniste, A; Caspi, P; Edwards, SA; Halbwachs, N; Le Guernic, P; De Simone, R",the synchronous languages 12 years later,benveniste a caspi p edwards sa halbwachs n le guernic p de simone r,2003,10.1109/JPROC.2002.805826,PROCEEDINGS OF THE IEEE,Article,View Full Record in Web of Science
wos,32,WOS:000217397600005,Safe design of high-performance embedded systems in an MDE framework,"Yu, HF; Gamatié, A; Rutten, E; Dekeyser, JL",safe design of high performance embedded systems in an mde framework,yu hf gamatié a rutten e dekeyser jl,2008,10.1007/s11334-008-0059-y,INNOVATIONS IN SYSTEMS AND SOFTWARE ENGINEERING,Article,View Full Record in Web of Science
wos,33,WOS:000165398900002,An implementation of constructive synchronous programs in POLIS,"Berry, G; Sentovich, EM",an implementation of constructive synchronous programs in polis,berry g sentovich em,2000,10.1023/A:1008796718837,FORMAL METHODS IN SYSTEM DESIGN,Article,View Full Record in Web of Science
wos,34,WOS:000173975000047,Validating real-time constraints in embedded systems,"Shyamasundar, RK; Aghav, JV",validating real time constraints in embedded systems,shyamasundar rk aghav jv,2001,,"2001 PACIFIC RIM INTERNATIONAL SYMPOSIUM ON DEPENDABLE COMPUTING, PROCEEDINGS",Proceedings Paper,View Full Record in Web of Science
wos,35,WOS:001063201700034,Context-Aware Task Handling in Resource-Constrained Robots with Virtualization,"Hadidi, R; Ghaleshahi, NS; Asgari, B; Kim, H",context aware task handling in resource constrained robots with virtualization,hadidi r ghaleshahi ns asgari b kim h,2023,10.1109/EDGE60047.2023.00047,"2023 IEEE INTERNATIONAL CONFERENCE ON EDGE COMPUTING AND COMMUNICATIONS, EDGE",Proceedings Paper,View Full Record in Web of Science
wos,36,WOS:001118067100014,Timestamp Peripherals for Precise Real-Time Programming,"Hui, J; Edwards, KJ; Edwards, SA",timestamp peripherals for precise real time programming,hui j edwards kj edwards sa,2023,10.1145/3610579.3611084,"2023 21ST ACM-IEEE INTERNATIONAL SYMPOSIUM ON FORMAL METHODS AND MODELS FOR SYSTEM DESIGN, MEMOCODE",Proceedings Paper,View Full Record in Web of Science
wos,37,WOS:001315084300005,Reactive Programming on the Bare Metal: A Formal Model for a Low-Level Reactive Virtual Machine,"Oeyen, B; De Koster, J; De Meuter, W",reactive programming on the bare metal a formal model for a low level reactive virtual machine,oeyen b de koster j de meuter w,2022,10.1145/3563837.3568342,"PROCEEDINGS OF THE 9TH ACM SIGPLAN INTERNATIONAL WORKSHOP ON REACTIVE AND EVENT-BASED LANGUAGES AND SYSTEMS, REBLS 2022",Proceedings Paper,View Full Record in Web of Science
wos,38,WOS:000280084600001,SystemJ: A GALS language for system level design,"Malik, A; Salcic, Z; Roop, PS; Girault, A",systemj a gals language for system level design,malik a salcic z roop ps girault a,2010,10.1016/j.cl.2010.01.001,COMPUTER LANGUAGES SYSTEMS & STRUCTURES,Article,View Full Record in Web of Science
wos,39,WOS:001120585500001,Cognizant Fiber-Reinforced Polymer Composites Incorporating Seamlessly Integrated Sensing and Computing Circuitry,"Jaradat, M; Duran, JL; Murcia, DH; Buechley, L; Shen, YL; Christodoulou, C; Taha, MR; Merino, JC; Santiago-Calvo, M; Asensio-Valentin, M; Nunez, K; Li, CG",cognizant fiber reinforced polymer composites incorporating seamlessly integrated sensing and computing circuitry,jaradat m duran jl murcia dh buechley l shen yl christodoulou c taha mr merino jc santiago calvo m asensio valentin m nunez k li cg,2023,10.3390/polym15224401,POLYMERS,Article,View Full Record in Web of Science
wos,40,WOS:000636179700020,Fuel Rail Pressure Control Characteristics of a GDI High-Pressure Fuel Pump Using a Newly Developed Experimental System Controlled with a Microcontroller,"Lee, BJ; Lee, CH",fuel rail pressure control characteristics of a gdi high pressure fuel pump using a newly developed experimental system controlled with a microcontroller,lee bj lee ch,2021,10.1007/s12239-021-0045-z,INTERNATIONAL JOURNAL OF AUTOMOTIVE TECHNOLOGY,Article,View Full Record in Web of Science
wos,41,WOS:000519731400002,"Blech, imperative synchronous programming!","Gretz, F; Grosch, FJ",blech imperative synchronous programming,gretz f grosch fj,2018,,PROCEEDINGS OF THE 2018 FORUM ON SPECIFICATION & DESIGN LANGUAGES (FDL),Proceedings Paper,View Full Record in Web of Science
wos,42,WOS:000458741200027,Building IoT Systems Using Distributed First-Class Reactive Programming,"De Troyer, C; Nicolay, J; De Meuter, W",building iot systems using distributed first class reactive programming,de troyer c nicolay j de meuter w,2018,10.1109/CloudCom2018.2018.00045,2018 16TH IEEE INTERNATIONAL CONFERENCE ON CLOUD COMPUTING TECHNOLOGY AND SCIENCE (CLOUDCOM 2018),Proceedings Paper,View Full Record in Web of Science
wos,43,WOS:000257508500015,An ALU cluster Intellectual Property for magnetic RAM media applications platform,"Liou, CY; Chiueh, H",an alu cluster intellectual property for magnetic ram media applications platform,liou cy chiueh h,2008,,"MTTD 2007 TAIPEI: PROCEEDINGS OF 2007 IEEE INTERNATIONAL WORKSHOP ON MEMORY TECHNOLOGY, DESIGN, AND TESTING (MTD '07)",Proceedings Paper,View Full Record in Web of Science
wos,44,WOS:000342995200003,Adaptivity in high-performance embedded systems: a reactive control model for reliable and flexible design,"Yu, HF; Gamatié, A; Rutten, É; Dekeyser, JL",adaptivity in high performance embedded systems a reactive control model for reliable and flexible design,yu hf gamatié a rutten é dekeyser jl,2014,10.1017/S0269888914000150,KNOWLEDGE ENGINEERING REVIEW,Review,View Full Record in Web of Science
wos,45,WOS:000345181100007,Constructive polychronous systems,"Talpin, JP; Brandt, J; Gemünde, M; Schneider, K; Shukla, S",constructive polychronous systems,talpin jp brandt j gemünde m schneider k shukla s,2014,10.1016/j.scico.2014.04.009,SCIENCE OF COMPUTER PROGRAMMING,Article,View Full Record in Web of Science
wos,46,WOS:000346219200009,Building Timing Predictable Embedded Systems,"Axer, P; Ernst, R; Falk, H; Girault, A; Grund, D; Guan, N; Jonsson, B; Marwedel, P; Reineke, J; Rochange, C; Sebastian, M; Von Hanxleden, R; Wilhelm, R; Yi, W",building timing predictable embedded systems,axer p ernst r falk h girault a grund d guan n jonsson b marwedel p reineke j rochange c sebastian m von hanxleden r wilhelm r yi w,2014,10.1145/2560033,ACM TRANSACTIONS ON EMBEDDED COMPUTING SYSTEMS,Article,View Full Record in Web of Science
wos,47,WOS:000072948100008,Formal semantics for Ward and Mellor's transformation schemas and its application to fault tolerant systems,"Petersohn, C; Huizing, C; Peleska, J; de Roever, WP",formal semantics for ward and mellor s transformation schemas and its application to fault tolerant systems,petersohn c huizing c peleska j de roever wp,1998,,COMPUTER SYSTEMS SCIENCE AND ENGINEERING,Article,View Full Record in Web of Science
wos,48,WOS:000180715800014,Model-based programming of intelligent embedded systems and robotic space explorers,"Williams, BC; Ingham, MD; Chung, SH; Elliott, PH",model based programming of intelligent embedded systems and robotic space explorers,williams bc ingham md chung sh elliott ph,2003,10.1109/JPROC.2002.805828,PROCEEDINGS OF THE IEEE,Article,View Full Record in Web of Science
wos,49,WOS:000291997500002,Multi-task Implementation of Multi-periodic Synchronous Programs,"Pagetti, C; Forget, J; Boniol, F; Cordovilla, M; Lesens, D",multi task implementation of multi periodic synchronous programs,pagetti c forget j boniol f cordovilla m lesens d,2011,10.1007/s10626-011-0107-x,DISCRETE EVENT DYNAMIC SYSTEMS-THEORY AND APPLICATIONS,Article; Proceedings Paper,View Full Record in Web of Science
wos,50,WOS:000090089700061,A comparison of OO and Reactive based specifications on the Design of Embedded Systems,"Ito, SA; de Mattos, JCB; Carro, L; Toscani, SS",a comparison of oo and reactive based specifications on the design of embedded systems,ito sa de mattos jcb carro l toscani ss,2000,10.1109/SBCCI.2000.876060,"13TH SYMPOSIUM ON INTEGRATED CIRCUITS AND SYSTEMS DESIGN, PROCEEDINGS",Proceedings Paper,View Full Record in Web of Science
wos,51,WOS:000350345700038,Targeting Different Abstraction Layers by Model-Based Design Methods for Embedded Systems: A Case Study,"Rafique, O; Gesell, M; Schneider, K",targeting different abstraction layers by model based design methods for embedded systems a case study,rafique o gesell m schneider k,2013,,2013 IEEE 19TH INTERNATIONAL CONFERENCE ON EMBEDDED AND REAL-TIME COMPUTING SYSTEMS AND APPLICATIONS (RTCSA),Proceedings Paper,View Full Record in Web of Science
wos,52,WOS:000366212700027,Multi-rate System Design Through Integrating Synchronous Components,"Sun, K",multi rate system design through integrating synchronous components,sun k,2015,10.1007/978-3-319-25150-9_27,THEORETICAL ASPECTS OF COMPUTING - ICTAC 2015,Proceedings Paper,View Full Record in Web of Science
wos,53,WOS:000247600200044,Embedded microcontroller networks: Acoustic materials health monitoring - art. no. 65301F,"Rye, PM",embedded microcontroller networks acoustic materials health monitoring art no 65301f,rye pm,2007,10.1117/12.715213,"Sensor Systems and Networks: Phenomena, Technology, and Applications for NDE and Health Monitoring 2007",Proceedings Paper,View Full Record in Web of Science
wos,54,WOS:001833389300001,Polymer Composite-Enabled UAV Platform for Edge AI-Based Precision Agriculture: A System-Level Evaluation,"Khan, PI; Reddy, YN; Veeresh, P; Khan, A",polymer composite enabled uav platform for edge ai based precision agriculture a system level evaluation,khan pi reddy yn veeresh p khan a,2026,,JOURNAL OF POLYMER & COMPOSITES,Article,View Full Record in Web of Science
wos,55,WOS:000305317700001,Towards a Signal Calculus for Event-Based Synchronous Languages,"Zhao, YX; He, JF",towards a signal calculus for event based synchronous languages,zhao yx he jf,2011,,FORMAL METHODS AND SOFTWARE ENGINEERING,Proceedings Paper,View Full Record in Web of Science
wos,56,WOS:000228774100004,Encapsulation and behavioral inheritance in a synchronous model of computation for embedded system services adaptation,"Kerboeuf, ML; Talpin, JP",encapsulation and behavioral inheritance in a synchronous model of computation for embedded system services adaptation,kerboeuf ml talpin jp,2005,10.1016/j.jlap.2004.05.005,JOURNAL OF LOGIC AND ALGEBRAIC PROGRAMMING,Article,View Full Record in Web of Science
wos,57,WOS:001054880600056,Semantics foundations of PsyC based on synchronous Logical Execution Time,"Siron, F; Potop-Butucaru, D; de Simone, R; Chabrol, D; Methni, A",semantics foundations of psyc based on synchronous logical execution time,siron f potop butucaru d de simone r chabrol d methni a,2023,10.1145/3576914.3587495,"2023 CYBER-PHYSICAL SYSTEMS AND INTERNET-OF-THINGS WEEK, CPS-IOT WEEK WORKSHOPS",Proceedings Paper,View Full Record in Web of Science
wos,58,WOS:000278758700006,Evaluation of an Esterel-based Hardware/Software Co-Design Flow,"Roessler, P; Zauner, M",evaluation of an esterel based hardware software co design flow,roessler p zauner m,2009,10.1109/SIES.2009.5196190,2009 IEEE INTERNATIONAL SYMPOSIUM ON INDUSTRIAL EMBEDDED SYSTEMS,Proceedings Paper,View Full Record in Web of Science
wos,59,WOS:000081459500009,Worst-case execution times and schedulability analysis of statecharts models,"Erpenbach, E; Altenbernd, P",worst case execution times and schedulability analysis of statecharts models,erpenbach e altenbernd p,1999,10.1109/EMRTS.1999.777452,PROCEEDINGS OF THE 11TH EUROMICRO CONFERENCE ON REAL-TIME SYSTEMS,Proceedings Paper,View Full Record in Web of Science
wos,60,WOS:000291895000008,Static Analysis of Synchronous Programs in Signal for Efficient Design of Multi-Clocked Embedded Systems,"Gamatié, A; Gonnord, L",static analysis of synchronous programs in signal for efficient design of multi clocked embedded systems,gamatié a gonnord l,2011,,"LCTES 11: PROCEEDINGS OF THE ACM SIGPLAN/SIGBED 2011 CONFERENCE ON LANGUAGES, COMPILERS, TOOLS AND THEORY FOR EMBEDDED SYSTEMS",Proceedings Paper,View Full Record in Web of Science
wos,61,WOS:000294608700008,Static Analysis of Synchronous Programs in Signal for Efficient Design of Multi-Clocked Embedded Systems,"Gamatié, A; Gonnord, L",static analysis of synchronous programs in signal for efficient design of multi clocked embedded systems,gamatié a gonnord l,2011,10.1145/2016603.1967688,ACM SIGPLAN NOTICES,Article,View Full Record in Web of Science
wos,62,WOS:000297360000185,RJOP - A Customized Java Processor for Reactive Embedded Systems,"Nadeem, M; Biglari-Abhari, M; Salcic, Z",rjop a customized java processor for reactive embedded systems,nadeem m biglari abhari m salcic z,2011,,PROCEEDINGS OF THE 48TH ACM/EDAC/IEEE DESIGN AUTOMATION CONFERENCE (DAC),Proceedings Paper,View Full Record in Web of Science
wos,63,WOS:000170412100001,Specification and validation of embedded systems using LUSTRE and ARGOS. Case study: The automatic headlight leveling system,"Gmehlich, R",specification and validation of embedded systems using lustre and argos case study the automatic headlight leveling system,gmehlich r,2001,10.1023/A:1011237030847,DESIGN AUTOMATION FOR EMBEDDED SYSTEMS,Article,View Full Record in Web of Science
wos,64,WOS:000169941200086,A formal approach to component based development of synchronous programs,"Roop, PS; Sowmya, A; Ramesh, S",a formal approach to component based development of synchronous programs,roop ps sowmya a ramesh s,2001,,PROCEEDINGS OF THE ASP-DAC 2001: ASIA AND SOUTH PACIFIC DESIGN AUTOMATION CONFERENCE 2001,Proceedings Paper,View Full Record in Web of Science
wos,65,WOS:000243258900032,Polychronous methodology for system design: A true concurrency approach,"Suhaib, S; Mathaikutty, D; Shukla, S; Talpin, JP",polychronous methodology for system design a true concurrency approach,suhaib s mathaikutty d shukla s talpin jp,2006,,"HLDVT'06: ELEVENTH ANNUAL IEEE INTERNATIONAL HIGH-LEVEL DESIGN VALIDATION AND TEST WORKSHOP, PROCEEDINGS",Proceedings Paper,View Full Record in Web of Science
wos,66,WOS:000228086900207,galsC: A language for event-driven embedded systems,"Cheong, E; Liu, J",galsc a language for event driven embedded systems,cheong e liu j,2005,10.1109/DATE.2005.165,"DESIGN, AUTOMATION AND TEST IN EUROPE CONFERENCE AND EXHIBITION, VOLS 1 AND 2, PROCEEDINGS",Proceedings Paper,View Full Record in Web of Science
wos,67,WOS:001337620000009,"Hailstorm : A Statically-Typed, Purely Functional Language for IoT Applications","Sarkar, A; Sheeran, M",hailstorm a statically typed purely functional language for iot applications,sarkar a sheeran m,2020,10.1145/3414080.3414092,"PROCEEDINGS OF THE 22ND INTERNATIONAL SYMPOSIUM ON PRINCIPLES AND PRACTICE OF DECLARATIVE PROGRAMMING, PPDP 2020",Proceedings Paper,View Full Record in Web of Science
wos,68,WOS:001533999700034,Pipit on the Post: Proving Pre- and Post-Conditions of Reactive Systems,"Robinson, A; Potanin, A",pipit on the post proving pre and post conditions of reactive systems,robinson a potanin a,2024,10.4230/LIPIcs.ECOOP.2024.34,"38TH EUROPEAN CONFERENCE ON OBJECT-ORIENTED PROGRAMMING, ECOOP 2024",Proceedings Paper,View Full Record in Web of Science
wos,69,WOS:000368588800004,Towards a verified compiler prototype for the synchronous language SIGNAL,"Yang, ZB; Bodeveix, JP; Filali, M; Hu, K; Zhao, YW; Ma, DF",towards a verified compiler prototype for the synchronous language signal,yang zb bodeveix jp filali m hu k zhao yw ma df,2016,10.1007/s11704-015-4364-y,FRONTIERS OF COMPUTER SCIENCE,Article,View Full Record in Web of Science
wos,70,WOS:000420378700003,MODEL-DRIVEN ENGINEERING AND FORMAL VALIDATION OF HIGH-PERFORMANCE EMBEDDED SYSTEMS,"Gamatié, A; Rutten, É; Yu, HF; Boulet, P; Dekeyser, JL",model driven engineering and formal validation of high performance embedded systems,gamatié a rutten é yu hf boulet p dekeyser jl,2009,,SCALABLE COMPUTING-PRACTICE AND EXPERIENCE,Article,View Full Record in Web of Science
wos,71,WOS:000277056500007,Contracts for Modular Discrete Controller Synthesis,"Delaval, G; Marchand, H; Rutten, E",contracts for modular discrete controller synthesis,delaval g marchand h rutten e,2010,10.1145/1755951.1755898,ACM SIGPLAN NOTICES,Article; Proceedings Paper,View Full Record in Web of Science
wos,72,WOS:000278082600007,Contracts for Modular Discrete Controller Synthesis,"Delaval, G; Marchand, H; Rutten, E",contracts for modular discrete controller synthesis,delaval g marchand h rutten e,2010,,"LCTES 10-PROCEEDINGS OF THE ACM SIGPLAN/SIGBED 2010 CONFERENCE ON LANGUAGES, COMPILERS, & TOOLS FOR EMBEDDED SYSTEMS",Proceedings Paper,View Full Record in Web of Science
wos,73,WOS:000254341600012,Bridging the abstraction gap for the design of embedded reactive systems using Esterel - A case study,"Zauner, M; Kramer, M; Balog, P",bridging the abstraction gap for the design of embedded reactive systems using esterel a case study,zauner m kramer m balog p,2008,,"DETC2007: PROCEEDINGS OF THE ASME INTERNATIONAL DESIGN ENGINEERING TECHNOLOGY CONFERENCE AND COMPUTERS AND INFORMATION IN ENGINEERING CONFERENCE, VOL 4",Proceedings Paper,View Full Record in Web of Science
wos,74,WOS:000350030700005,Light-weight Synchronous Java (SJL): An approach for programming deterministic reactive systems with Java,"Motika, C; von Hanxleden, R",light weight synchronous java sjl an approach for programming deterministic reactive systems with java,motika c von hanxleden r,2015,10.1007/s00607-014-0416-7,COMPUTING,Article,View Full Record in Web of Science
wos,75,WOS:000214140800009,A Survey of Desynchronization in a Polychronous Model of Computation,"Ouy, J",a survey of desynchronization in a polychronous model of computation,ouy j,2006,10.1016/j.entcs.2005.05.040,ELECTRONIC NOTES IN THEORETICAL COMPUTER SCIENCE,Article,View Full Record in Web of Science
wos,76,WOS:000341390100027,Sequentially Constructive Concurrency-A Conservative Extension of the Synchronous Model of Computation,"Von Hanxleden, R; Mendler, M; Aguado, J; Duderstadt, B; Fuhrmann, I; Motika, C; Mercer, S; O'Brien, O; Roop, P",sequentially constructive concurrency a conservative extension of the synchronous model of computation,von hanxleden r mendler m aguado j duderstadt b fuhrmann i motika c mercer s o brien o roop p,2014,10.1145/2627350,ACM TRANSACTIONS ON EMBEDDED COMPUTING SYSTEMS,Article,View Full Record in Web of Science
wos,77,WOS:000265405500010,Synchronous Modeling and Validation of Priority Inheritance Schedulers,"Jahier, E; Halbwachs, N; Raymond, P",synchronous modeling and validation of priority inheritance schedulers,jahier e halbwachs n raymond p,2009,,"FUNDAMENTAL APPROACHES TO SOFTWARE ENGINEERING, PROCEEDINGS",Proceedings Paper,View Full Record in Web of Science
wos,78,WOS:000301620100012,Non-standard semantics of hybrid systems modelers,"Benveniste, A; Bourke, T; Caillaud, B; Pouzet, M",non standard semantics of hybrid systems modelers,benveniste a bourke t caillaud b pouzet m,2012,10.1016/j.jcss.2011.08.009,JOURNAL OF COMPUTER AND SYSTEM SCIENCES,Article,View Full Record in Web of Science
wos,79,WOS:001555691500015,Considerations for integrating virtual threads in a Java framework: a Quarkus example in a resource-constrained environment,"Navarro, A; Ponge, J; Le Mouël, F; Escoffier, C",considerations for integrating virtual threads in a java framework a quarkus example in a resource constrained environment,navarro a ponge j le mouël f escoffier c,2023,10.1145/3583678.3596895,"PROCEEDINGS OF THE 17TH ACM INTERNATIONAL CONFERENCE ON DISTRIBUTED AND EVENT-BASED SYSTEMS, DEBS 2023",Proceedings Paper,View Full Record in Web of Science
wos,80,WOS:000338511000001,A Predictable Framework for Safety-Critical Embedded Systems,"Andalam, S; Roop, PS; Girault, A; Traulsen, C",a predictable framework for safety critical embedded systems,andalam s roop ps girault a traulsen c,2014,10.1109/TC.2013.28,IEEE TRANSACTIONS ON COMPUTERS,Article,View Full Record in Web of Science
wos,81,WOS:000435148800213,Parallel Code Generation of Synchronous Programs for a Many-core Architecture,"Graillat, A; Moy, M; Raymond, P; de Dinechin, BD",parallel code generation of synchronous programs for a many core architecture,graillat a moy m raymond p de dinechin bd,2018,,"PROCEEDINGS OF THE 2018 DESIGN, AUTOMATION & TEST IN EUROPE CONFERENCE & EXHIBITION (DATE)",Proceedings Paper,View Full Record in Web of Science
wos,82,WOS:000256880900007,Causality interfaces for actor networks,"Zhou, Y; Lee, EA",causality interfaces for actor networks,zhou y lee ea,2008,10.1145/1347375.1347382,ACM TRANSACTIONS ON EMBEDDED COMPUTING SYSTEMS,Article,View Full Record in Web of Science
wos,83,WOS:000214167800005,Goto and Concurrency Introducing Safe Jumps in Esterel,"Tardieu, O",goto and concurrency introducing safe jumps in esterel,tardieu o,2006,10.1016/j.entcs.2006.02.025,ELECTRONIC NOTES IN THEORETICAL COMPUTER SCIENCE,Article,View Full Record in Web of Science
wos,84,WOS:000295049104120,The Fundamentals of Hybrid Systems Modelers,"Benveniste, A; Caillaud, B; Pouzet, M",the fundamentals of hybrid systems modelers,benveniste a caillaud b pouzet m,2010,10.1109/CDC.2010.5717614,49TH IEEE CONFERENCE ON DECISION AND CONTROL (CDC),Proceedings Paper,View Full Record in Web of Science
wos,85,WOS:000173553400005,An Esterel compiler for large control-dominated systems,"Edwards, SA",an esterel compiler for large control dominated systems,edwards sa,2002,10.1109/43.980257,IEEE TRANSACTIONS ON COMPUTER-AIDED DESIGN OF INTEGRATED CIRCUITS AND SYSTEMS,Article,View Full Record in Web of Science
wos,86,WOS:000291895000009,Synchronous Programming of Device Drivers for Global Resource Control in Embedded Operating Systems,"Berthier, N; Maraninchi, F; Mounier, L",synchronous programming of device drivers for global resource control in embedded operating systems,berthier n maraninchi f mounier l,2011,,"LCTES 11: PROCEEDINGS OF THE ACM SIGPLAN/SIGBED 2011 CONFERENCE ON LANGUAGES, COMPILERS, TOOLS AND THEORY FOR EMBEDDED SYSTEMS",Proceedings Paper,View Full Record in Web of Science
wos,87,WOS:000294608700009,Synchronous Programming of Device Drivers for Global Resource Control in Embedded Operating Systems,"Berthier, N; Maraninchi, F; Mounier, L",synchronous programming of device drivers for global resource control in embedded operating systems,berthier n maraninchi f mounier l,2011,10.1145/2016603.1967689,ACM SIGPLAN NOTICES,Article,View Full Record in Web of Science
wos,88,WOS:000265171200003,A metamodel for the design of polychronous systems,"Brunette, C; Talpin, JP; Gamatié, A; Gautier, T",a metamodel for the design of polychronous systems,brunette c talpin jp gamatié a gautier t,2009,10.1016/j.jlap.2008.11.005,JOURNAL OF LOGIC AND ALGEBRAIC PROGRAMMING,Article; Proceedings Paper,View Full Record in Web of Science
wos,89,WOS:000341130600001,Hop and HipHop: Multitier Web Orchestration,"Berry, G; Serrano, M",hop and hiphop multitier web orchestration,berry g serrano m,2014,,"DISTRIBUTED COMPUTING AND INTERNET TECHNOLOGY, ICDCIT 2014",Proceedings Paper,View Full Record in Web of Science
wos,90,WOS:000241699300025,SmartC: A component-based hierarchical modeling language for automotive electronics,"Yang, GQ; Li, H; Wu, ZH",smartc a component based hierarchical modeling language for automotive electronics,yang gq li h wu zh,2006,,"DASC 2006: 2ND IEEE INTERNATIONAL SYMPOSIUM ON DEPENDABLE, AUTONOMIC AND SECURE COMPUTING, PROCEEDINGS",Proceedings Paper,View Full Record in Web of Science
wos,91,WOS:000272013800013,Automatic Modular Abstractions for Linear Constraints,"Monniaux, D",automatic modular abstractions for linear constraints,monniaux d,2009,10.1145/1594834.1480899,ACM SIGPLAN NOTICES,Article; Proceedings Paper,View Full Record in Web of Science
wos,92,WOS:000282653500004,AUTOMATIC MODULAR ABSTRACTIONS FOR TEMPLATE NUMERICAL CONSTRAINTS,"Monniaux, D",automatic modular abstractions for template numerical constraints,monniaux d,2010,10.2168/LMCS,LOGICAL METHODS IN COMPUTER SCIENCE,Article,View Full Record in Web of Science
wos,93,WOS:000333827300022,Precision Timed Embedded Systems Using TickPAD Memory,"Kuo, MMY; Roop, PS; Andalam, S; Patel, N",precision timed embedded systems using tickpad memory,kuo mmy roop ps andalam s patel n,2013,10.1109/ACSD.2013.20,2013 13TH INTERNATIONAL CONFERENCE ON APPLICATION OF CONCURRENCY TO SYSTEM DESIGN (ACSD 2013),Proceedings Paper,View Full Record in Web of Science
wos,94,WOS:000381029800305,Compilation of Synchronous Observers as Code Contracts,"Dieumegard, A; Garoche, PL; Kahsai, T; Taillar, A; Thirioux, X",compilation of synchronous observers as code contracts,dieumegard a garoche pl kahsai t taillar a thirioux x,2015,10.1145/2695664.2695819,"30TH ANNUAL ACM SYMPOSIUM ON APPLIED COMPUTING, VOLS I AND II",Proceedings Paper,View Full Record in Web of Science
wos,95,WOS:000365605900034,Programming Deterministic Reactive Systems with Synchronous Java,"Motika, C; von Hanxleden, R; Heinold, M",programming deterministic reactive systems with synchronous java,motika c von hanxleden r heinold m,2013,,2013 IEEE 16TH INTERNATIONAL SYMPOSIUM ON OBJECT/COMPONENT/SERVICE-ORIENTED REAL-TIME DISTRIBUTED COMPUTING (ISORC),Proceedings Paper,View Full Record in Web of Science
wos,96,WOS:000320619000004,TimeSquare: Treat Your Models with Logical Time,"DeAntoni, J; Mallet, F",timesquare treat your models with logical time,deantoni j mallet f,2012,,"OBJECTS, MODELS, COMPONENTS, PATTERNS, TOOLS 2012",Proceedings Paper,View Full Record in Web of Science
wos,97,WOS:000246927403028,SmartC: A component-based hierarchical modeling language for automotive electronics,"Yang, GQ; Zhao, MD; Li, H; Wu, ZH",smartc a component based hierarchical modeling language for automotive electronics,yang gq zhao md li h wu zh,2006,,"2006 9TH INTERNATIONAL CONFERENCE ON CONTROL, AUTOMATION, ROBOTICS AND VISION, VOLS 1- 5",Proceedings Paper,View Full Record in Web of Science
wos,98,WOS:000271940700001,Model-Based Design of Embedded Control Systems by means of a Synchronous Intermediate Model,"Alras, M; Caspi, P; Girault, A; Raymond, P",model based design of embedded control systems by means of a synchronous intermediate model,alras m caspi p girault a raymond p,2009,10.1109/ICESS.2009.36,"2009 INTERNATIONAL CONFERENCE ON EMBEDDED SOFTWARE AND SYSTEMS, PROCEEDINGS",Proceedings Paper,View Full Record in Web of Science
wos,99,WOS:000418870400003,A Simulation Approach for SIGNAL Time Model Concern on Multi-clock System,"Wang, Z; Shen, GH; Huang, ZQ; Si, J; Pan, C",a simulation approach for signal time model concern on multi clock system,wang z shen gh huang zq si j pan c,2016,10.1007/978-981-10-3482-4_3,SOFTWARE ENGINEERING AND METHODOLOGY FOR EMERGING DOMAINS,Proceedings Paper,View Full Record in Web of Science
wos,100,WOS:000249772400018,On the polychronous approach to embedded software design - A POMSET interpretation of endochrony,"Shukla, SK; Suhaib, SM; Mathaikutty, DA; Talpin, JP",on the polychronous approach to embedded software design a pomset interpretation of endochrony,shukla sk suhaib sm mathaikutty da talpin jp,2007,10.1007/978-1-4020-6254-4_20,NEXT GENERATION DESIGN AND VERIFICATION METHODOLOGIES FOR DISTRIBUTED EMBEDDED CONTROL SYSTEMS,Proceedings Paper,View Full Record in Web of Science
wos,101,WOS:000462853400008,Relaxing the Synchronous Approach for Mixed-Criticality Systems,"Yip, E; Kuo, MMY; Roop, PS; Broman, D",relaxing the synchronous approach for mixed criticality systems,yip e kuo mmy roop ps broman d,2014,,2014 IEEE 20TH REAL-TIME AND EMBEDDED TECHNOLOGY AND APPLICATIONS SYMPOSIUM (RTAS),Proceedings Paper,View Full Record in Web of Science
wos,102,WOS:000982299100019,From Distributed Sensing to Virtual Sensors: a Domain-Specific Language for Reactive Centralized Edge-Fog-Cloud Computation,"Damiani, A; Rabozzi, M; Chen, KM; Di Tucci, L; Santambrogio, MD",from distributed sensing to virtual sensors a domain specific language for reactive centralized edge fog cloud computation,damiani a rabozzi m chen km di tucci l santambrogio md,2022,10.1109/EUC57774.2022.00028,"2022 IEEE 20TH INTERNATIONAL CONFERENCE ON EMBEDDED AND UBIQUITOUS COMPUTING, EUC",Proceedings Paper,View Full Record in Web of Science
wos,103,WOS:000316414200008,Synchronous Programming of Device Drivers for Global Resource Control in Embedded Operating Systems,"Berthier, N; Maraninchi, F; Mounier, L",synchronous programming of device drivers for global resource control in embedded operating systems,berthier n maraninchi f mounier l,2013,10.1145/2435227.2435235,ACM TRANSACTIONS ON EMBEDDED COMPUTING SYSTEMS,Article,View Full Record in Web of Science
wos,104,WOS:001781170500027,SmartWall: An Infrastructure for Sensory and Computation-capable Buildings using Sustainable and Low-cost Smart Materials,"Hossain, MI; Zisad, SN; Uddin, N; Hasan, R",smartwall an infrastructure for sensory and computation capable buildings using sustainable and low cost smart materials,hossain mi zisad sn uddin n hasan r,2025,10.1109/WF-PST65083.2025.00032,"2025 IEEE WORLD FORUM ON PUBLIC SAFETY TECHNOLOGY, WF-PST",Proceedings Paper,View Full Record in Web of Science
wos,105,WOS:000375804100398,Real-Time Machine Vision System for an Automated Quality Monitoring in Mass Production of Multiaxial Non-Crimp Fabrics,"Schmitt, R; Fürtjes, T; Abbas, B; Abel, P; Kimmelmann, W; Kosse, P; Buratti, A",real time machine vision system for an automated quality monitoring in mass production of multiaxial non crimp fabrics,schmitt r fürtjes t abbas b abel p kimmelmann w kosse p buratti a,2015,10.1016/j.ifacol.2015.06.446,IFAC PAPERSONLINE,Proceedings Paper,View Full Record in Web of Science
wos,106,WOS:000524805900001,Push recovery control of quadruped robot using particle swarm optimization based structure specified mixed sensitivity H2/H∞ control,"Sutyasadi, P; Parnichkun, M",push recovery control of quadruped robot using particle swarm optimization based structure specified mixed sensitivity h2 h control,sutyasadi p parnichkun m,2020,10.1108/IR-06-2019-0135,INDUSTRIAL ROBOT-THE INTERNATIONAL JOURNAL OF ROBOTICS RESEARCH AND APPLICATION,Article,View Full Record in Web of Science
wos,107,WOS:000291895000007,Divide and Recycle: Types and Compilation for a Hybrid Synchronous Language,"Benveniste, A; Bourke, T; Caillaud, B; Pouzet, M",divide and recycle types and compilation for a hybrid synchronous language,benveniste a bourke t caillaud b pouzet m,2011,,"LCTES 11: PROCEEDINGS OF THE ACM SIGPLAN/SIGBED 2011 CONFERENCE ON LANGUAGES, COMPILERS, TOOLS AND THEORY FOR EMBEDDED SYSTEMS",Proceedings Paper,View Full Record in Web of Science
wos,108,WOS:000507566000005,Prototyping Method for Complex-Shaped Textile Composite Panels Developing a digitally controlled reconfigurable mold,"Ku, KH; Gurjar, S",prototyping method for complex shaped textile composite panels developing a digitally controlled reconfigurable mold,ku kh gurjar s,2018,,"COMPUTING FOR A BETTER TOMORROW, (ECAADE 2018), VOL 2",Proceedings Paper,View Full Record in Web of Science
wos,109,WOS:000294608700007,Divide and Recycle: Types and Compilation for a Hybrid Synchronous Language,"Benveniste, A; Bourke, T; Caillaud, B; Pouzet, M",divide and recycle types and compilation for a hybrid synchronous language,benveniste a bourke t caillaud b pouzet m,2011,10.1145/2016603.1967687,ACM SIGPLAN NOTICES,Article,View Full Record in Web of Science
wos,110,WOS:000364032300015,From Latency-Insensitive Design to Communication-Based System-Level Design,"Carloni, LP",from latency insensitive design to communication based system level design,carloni lp,2015,10.1109/JPROC.2015.2480849,PROCEEDINGS OF THE IEEE,Article,View Full Record in Web of Science
wos,111,WOS:000272013800008,Modular Code Generation from Synchronous Block Diagrams Modularity vs. Code Size,"Lublinerman, R; Szegedy, C; Tripakis, S",modular code generation from synchronous block diagrams modularity vs code size,lublinerman r szegedy c tripakis s,2009,10.1145/1594834.1480893,ACM SIGPLAN NOTICES,Article; Proceedings Paper,View Full Record in Web of Science
wos,112,WOS:001740020100295,PyroFocus: A Deep Learning Approach to Real-Time Wildfire Detection in Multispectral Remote Sensing Imagery,"Moussa, M; Williams, A; Roffe, S; Morton, D",pyrofocus a deep learning approach to real time wildfire detection in multispectral remote sensing imagery,moussa m williams a roffe s morton d,2025,10.1109/ICCVW69036.2025.00298,"2025 IEEE/CVF INTERNATIONAL CONFERENCE ON COMPUTER VISION WORKSHOPS, ICCVW",Proceedings Paper,View Full Record in Web of Science
wos,113,WOS:000357447700005,Denotational fixed-point semantics for constructive scheduling of synchronous concurrency,"Aguado, J; Mendler, M; von Hanxleden, R; Fuhrmann, I",denotational fixed point semantics for constructive scheduling of synchronous concurrency,aguado j mendler m von hanxleden r fuhrmann i,2015,10.1007/s00236-015-0238-x,ACTA INFORMATICA,Article; Proceedings Paper,View Full Record in Web of Science
wos,114,WOS:000316304800121,Numerical evaluation of bond-slip relations for near-surface mounted carbon fiber bars embedded in concrete,"Sasmal, S; Khatri, CP; Ramanjaneyulu, K; Srinivas, V",numerical evaluation of bond slip relations for near surface mounted carbon fiber bars embedded in concrete,sasmal s khatri cp ramanjaneyulu k srinivas v,2013,10.1016/j.conbuildmat.2012.11.073,CONSTRUCTION AND BUILDING MATERIALS,Article,View Full Record in Web of Science
