document_type,title,doi,year,url
Proceedings Paper,Implementation and Evaluation of an Interpreter for Functional Reactive Programming on Small Embedded Devices,10.1145/3594671.3594674,2023,
Proceedings Paper,CFRP: A Functional Reactive Programming Language for Small-Scale Embedded Systems,,2018,
Proceedings Paper,Emfrp: A Functional Reactive Programming Language for Small-Scale Embedded Systems,10.1145/2892664.2892670,2016,
Proceedings Paper,Response Time Analysis for the Abort-and-Restart Event Handlers of the Priority-Based Functional Reactive Programming (P-FRP) Paradigm,10.1109/RTCSA.2009.64,2009,
Proceedings Paper,Periodic and Aperiodic Task Description Mechanisms in an FRP Language for Small-Scale Embedded Systems,10.1145/3623506.3623578,2023,
research-article,Real-Time Functional Reactive Program Translatorfor Embedded Systems,,2006,
Proceedings Paper,Rhine: FRP with Type-Level Clocks,10.1145/3242744.3242757,2018,
Proceedings Paper,Rhine: FRP with Type-Level Clocks,10.1145/3242744.3242757,2018,
Proceedings Paper,Towards Introducing Asynchronous Tasks to an FRP Language for Small-Scale Embedded Systems,10.1145/3563837.3568338,2022,
Proceedings Paper,Towards a Statically Scheduled Parallel Execution of an FRP Language for Embedded Systems,10.1145/3358503.3361276,2019,
Dissertation/Thesis,Towards safe and efficient functional reactive programming,,2011,
Article; Proceedings Paper,Safe Functional Reactive Programming through Dependent Types,10.1145/1631687.1596558,2009,
Proceedings Paper,Safe Functional Reactive Programming through Dependent Types,,2009,
Proceedings Paper,A Functional Reactive Programming Language for Wirelessly Connected Shape-Changeable Chiplet-Based Computers,10.1145/3618305.3623608,2023,
Proceedings Paper,Efficient Functional Reactive Programming Through Incremental Behaviors,10.1007/978-3-319-71237-6_16,2017,
Dissertation/Thesis,Future of Functional Reactive Programming in Real-Time Systems,,2023,
Proceedings Paper,Feasibility Interval for the Transactional Event Handlers of P-FRP,10.1109/TrustCom.2011.133,2011,
Proceedings Paper,Functional Reactive EDSL with Asynchronous Execution for Resource-Constrained Embedded Systems,10.1007/978-3-030-26428-4_12,2020,
Article,The Sparse Synchronous Model on Real Hardware,10.1145/3572920,2024,
Proceedings Paper,Schedulability Analysis for Real-Time P-FRP Tasks Under Fixed Priority Scheduling,10.1109/RTCSA.2015.28,2015,
Article,Feasibility interval for the transactional event handlers of P-FRP,10.1016/j.jcss.2012.11.006,2013,
Proceedings Paper,The Sparse Synchronous Model,10.1109/fdl50818.2020.9232938,2020,
Proceedings Paper,Determining Actual Response Time in P-FRP,,2011,
Proceedings Paper,Function-Oriented Decomposition for Reactive Embedded Software,10.1109/SEAA.2017.42,2017,
Dissertation/Thesis,Functional Programming for Embedded Systems,,2022,
Proceedings Paper,Synchronous Techniques for Software and Hardware Embedded Systems,10.3233/978-1-58603-976-9-43,2009,
Article,Utilisation bounds of P-FRP tasks,10.1504/IJES.2014.060918,2014,
Proceedings Paper,Programming Microcontrollers through High-Level Abstractions,10.1145/3427765.3428495,2020,
Dissertation/Thesis,Functional Programming for Securing Cloud and Embedded Environments,,2024,
Proceedings Paper,Autonomic Management of Missions and Reconfigurations in FPGA-based Embedded System,,2017,
,"Soap water filtration system (SOWAFIS) for purifying soapy water from swimming pool, has reverse osmosis (RO) membrane that is provided with spiral structured layer of strychnos potatorum, and pH sensors and water quantity detector that are clustered with advanced version of Arduino mega",,,
Article,Programming microcontrollers through high-level abstractions: The OMicroB project,10.1016/j.cola.2023.101228,2023,
Article,An implementation of constructive synchronous programs in POLIS,10.1023/A:1008796718837,2000,
Proceedings Paper,Customizing processor cores to support reactivity,,2004,
Proceedings Paper,A demonstration of co-design and co-verification in a synchronous language,10.1109/DATE.2004.1269104,2004,
Proceedings Paper,Context-Aware Task Handling in Resource-Constrained Robots with Virtualization,10.1109/EDGE60047.2023.00047,2023,
Article,Fault Tolerant Functional Reactive Programming (Functional Pearl),10.1145/3236791,2018,
Proceedings Paper,Towards a Signal Calculus for Event-Based Synchronous Languages,,2011,
Proceedings Paper,Timestamp Peripherals for Precise Real-Time Programming,10.1145/3610579.3611084,2023,
Proceedings Paper,FRP IoT Modules as a Scala DSL,10.1145/3141858.3141861,2017,
Proceedings Paper,An ESTEREL-based reactive JAVA extension for reactive embedded systems development,,2001,
Proceedings Paper,WCET of OCaml Bytecode on Microcontrollers: An Automated Method and Its Formalisation,10.4230/OASIcs.WCET.2019.5,2019,
Proceedings Paper,galsC: A language for event-driven embedded systems,10.1109/DATE.2005.165,2005,
Proceedings Paper,Formally Unifying Modeling and Design for Embedded Systems - A Personal View,10.1007/978-3-319-47169-3_11,2016,
Article,Safe design of high-performance embedded systems in an MDE framework,10.1007/s11334-008-0059-y,2008,
Proceedings Paper,Autonomic Management of Reconfigurations in DPR FPGA-based Embedded System,10.1109/HPCS.2018.00093,2018,
Dissertation/Thesis,Sparse Synchronous Programming with Temporal Abstractions,,2024,
Proceedings Paper,An ALU cluster Intellectual Property for magnetic RAM media applications platform,,2008,
Article,The synchronous languages 12 years later,10.1109/JPROC.2002.805826,2003,
Proceedings Paper,Multi-rate System Design Through Integrating Synchronous Components,10.1007/978-3-319-25150-9_27,2015,
Proceedings Paper,Building IoT Systems Using Distributed First-Class Reactive Programming,10.1109/CloudCom2018.2018.00045,2018,
Proceedings Paper,Semantics foundations of PsyC based on synchronous Logical Execution Time,10.1145/3576914.3587495,2023,
Article,Building Timing Predictable Embedded Systems,10.1145/2560033,2014,
Review,Adaptivity in high-performance embedded systems: a reactive control model for reliable and flexible design,10.1017/S0269888914000150,2014,
Dissertation/Thesis,Real-world deployment and evaluation of synchronous programming in reactive embedded systems,,2018,
Article,Light-weight Synchronous Java (SJL): An approach for programming deterministic reactive systems with Java,10.1007/s00607-014-0416-7,2015,
Proceedings Paper,Targeting Different Abstraction Layers by Model-Based Design Methods for Embedded Systems: A Case Study,,2013,
Proceedings Paper,Reactive Programming on the Bare Metal: A Formal Model for a Low-Level Reactive Virtual Machine,10.1145/3563837.3568342,2022,
Proceedings Paper,A comparison of OO and Reactive based specifications on the Design of Embedded Systems,10.1109/SBCCI.2000.876060,2000,
Article,Model-based programming of intelligent embedded systems and robotic space explorers,10.1109/JPROC.2002.805828,2003,
Article,Cognizant Fiber-Reinforced Polymer Composites Incorporating Seamlessly Integrated Sensing and Computing Circuitry,10.3390/polym15224401,2023,
Proceedings Paper,"Blech, imperative synchronous programming!",,2018,
Proceedings Paper,Embedded microcontroller networks: Acoustic materials health monitoring - art. no. 65301F,10.1117/12.715213,2007,
Article; Proceedings Paper,Automatic Modular Abstractions for Linear Constraints,10.1145/1594834.1480899,2009,
Proceedings Paper,Polychronous methodology for system design: A true concurrency approach,,2006,
Article,Encapsulation and behavioral inheritance in a synchronous model of computation for embedded system services adaptation,10.1016/j.jlap.2004.05.005,2005,
Proceedings Paper,Validating real-time constraints in embedded systems,,2001,
Proceedings Paper,"Blech, Imperative Synchronous Programming!",10.1007/978-3-030-31585-6_9,2020,
Article; Proceedings Paper,Multi-task Implementation of Multi-periodic Synchronous Programs,10.1007/s10626-011-0107-x,2011,
Proceedings Paper,"Hailstorm : A Statically-Typed, Purely Functional Language for IoT Applications",10.1145/3414080.3414092,2020,
Article,Formal semantics for Ward and Mellor's transformation schemas and its application to fault tolerant systems,,1998,
Article,Fuel Rail Pressure Control Characteristics of a GDI High-Pressure Fuel Pump Using a Newly Developed Experimental System Controlled with a Microcontroller,10.1007/s12239-021-0045-z,2021,
Article,SystemJ: A GALS language for system level design,10.1016/j.cl.2010.01.001,2010,
Article,Polymer Composite-Enabled UAV Platform for Edge AI-Based Precision Agriculture: A System-Level Evaluation,,2026,
Proceedings Paper,Worst-case execution times and schedulability analysis of statecharts models,10.1109/EMRTS.1999.777452,1999,
,"FRP sandwich plate embedded system, has rib plate mounted on top of backing plate to form rectangular mounting space, where two sides of rib plate are formed with dovetail groove, connecting board arranged on rectangular mounting space",,,
,"Concrete structure analysis and reinforcement device, comprises body developed to be positioned on ground surface in proximity to concrete structure, and motorized wheels are arranged on bottom portion of body, that is actuated by microcontroller to provide autonomous movement to body over surface",,,
Proceedings Paper,Parallel Code Generation of Synchronous Programs for a Many-core Architecture,,2018,
Proceedings Paper,Relaxing the Synchronous Approach for Mixed-Criticality Systems,,2014,
Article,Static Analysis of Synchronous Programs in Signal for Efficient Design of Multi-Clocked Embedded Systems,10.1145/2016603.1967688,2011,
Article,Specification and validation of embedded systems using LUSTRE and ARGOS. Case study: The automatic headlight leveling system,10.1023/A:1011237030847,2001,
Proceedings Paper,Algebraic Framework for Synchronous Language Semantics,10.1109/TASE.2013.15,2013,
Proceedings Paper,Static Analysis of Synchronous Programs in Signal for Efficient Design of Multi-Clocked Embedded Systems,,2011,
Proceedings Paper,Hop and HipHop: Multitier Web Orchestration,,2014,
,"Multi-device recording Linux firmware application synchronous programming method, involves updating final application program after starting APP program in file system by Linux system when overall firmware programming is finished",,,
Proceedings Paper,A formal approach to component based development of synchronous programs,,2001,
Awarded Grant,CAREER: Designing Embedded Systems with Domain-Specific Languages,,2002,
Article; Proceedings Paper,Heterogeneous reactive systems modeling and correct-by-construction deployment,,2003,
Awarded Grant,NeTS-NOSS: Regiment: A Macroprogramming Language and Runtime System for Sensor Networks,,2005,
,"Marine debris collection and sorting device comprises sensor suite integrated with base configured to continuously detect water levels and hull tilt angles of the base in real-time, and microcontroller configured to provide real-time feedback to pumps and valves for dynamic regulation",,,
Proceedings Paper,The Fundamentals of Hybrid Systems Modelers,10.1109/CDC.2010.5717614,2010,
Proceedings Paper,Time in SCCharts,10.1007/978-3-030-31585-6_1,2020,
Proceedings Paper,Model-Based Design of Embedded Control Systems by means of a Synchronous Intermediate Model,10.1109/ICESS.2009.36,2009,
,"Fiber-reinforced plastic sandwich plate embedded system, has backing plate fixed with rectangular mounting space, two ends of rib plate provided with dovetail groove, and connecting plate formed with rectangular mounting space",,,
Proceedings Paper,Programming and Timing Analysis of Parallel Programs on Multicores,10.1109/ACSD.2013.19,2013,
Article,MODEL-DRIVEN ENGINEERING AND FORMAL VALIDATION OF HIGH-PERFORMANCE EMBEDDED SYSTEMS,,2009,
Article,Synchronous Programming of Device Drivers for Global Resource Control in Embedded Operating Systems,10.1145/2016603.1967689,2011,
Proceedings Paper,Contracts for Modular Discrete Controller Synthesis,,2010,
Article; Proceedings Paper,Contracts for Modular Discrete Controller Synthesis,10.1145/1755951.1755898,2010,
Article,Towards a verified compiler prototype for the synchronous language SIGNAL,10.1007/s11704-015-4364-y,2016,
Proceedings Paper,SAGE: A Logical Agent-Based Environment Monitoring and Control System,,2009,
Proceedings Paper,Pipit on the Post: Proving Pre- and Post-Conditions of Reactive Systems,10.4230/LIPIcs.ECOOP.2024.34,2024,
Proceedings Paper,Bridging the abstraction gap for the design of embedded reactive systems using Esterel - A case study,,2008,
Article,Constructive polychronous systems,10.1016/j.scico.2014.04.009,2014,
Proceedings Paper,The Efficient Multiprocessor Implementation of Synchronous Reactive Components,10.1109/ISORC49007.2020.00014,2020,
Proceedings Paper,SmartWall: An Infrastructure for Sensory and Computation-capable Buildings using Sustainable and Low-cost Smart Materials,10.1109/WF-PST65083.2025.00032,2025,
Article,A Survey of Desynchronization in a Polychronous Model of Computation,10.1016/j.entcs.2005.05.040,2006,
Article,Non-standard semantics of hybrid systems modelers,10.1016/j.jcss.2011.08.009,2012,
Article,Toward Object-oriented Modeling in SCCharts,10.1145/3453482,2021,
Proceedings Paper,Real-Time Machine Vision System for an Automated Quality Monitoring in Mass Production of Multiaxial Non-Crimp Fabrics,10.1016/j.ifacol.2015.06.446,2015,
Article,Timing Analysis of Synchronous Programs using WCRT Algebra: Scalability through Abstraction,10.1145/3126520,2017,
Article,A Predictable Framework for Safety-Critical Embedded Systems,10.1109/TC.2013.28,2014,
Proceedings Paper,Considerations for integrating virtual threads in a Java framework: a Quarkus example in a resource-constrained environment,10.1145/3583678.3596895,2023,
Proceedings Paper,RJOP - A Customized Java Processor for Reactive Embedded Systems,,2011,
Dissertation/Thesis,"A Modular Synthesis Framework for Software Deployment, Design, and Implementation",,2020,
Proceedings Paper,Precision Timed Embedded Systems Using TickPAD Memory,10.1109/ACSD.2013.20,2013,
Article,Causality interfaces for actor networks,10.1145/1347375.1347382,2008,
Proceedings Paper,Synchronous Programming of Device Drivers for Global Resource Control in Embedded Operating Systems,,2011,
Article,An Esterel compiler for large control-dominated systems,10.1109/43.980257,2002,
Proceedings Paper,Synchronous Modeling and Validation of Priority Inheritance Schedulers,,2009,
Article,Goto and Concurrency Introducing Safe Jumps in Esterel,10.1016/j.entcs.2006.02.025,2006,
,"Portable sensing device for predicting ripening stage and quality attributes of apple, has boost converter that is connected to energy source to step up voltage to processor, and CPU which comprises single-chip microcontroller integrated with analog to digital converter and LCD or LED display",,,
Proceedings Paper,SmartC: A component-based hierarchical modeling language for automotive electronics,,2006,
Article,AUTOMATIC MODULAR ABSTRACTIONS FOR TEMPLATE NUMERICAL CONSTRAINTS,10.2168/LMCS,2010,
,"Portable solar cold chain system for maintaining optimal storage temperatures for agricultural products during transportation and temporary storage, has thermal shell that is constructed with outer casing made of high-density polyethylene",,,
Proceedings Paper,TimeSquare: Treat Your Models with Logical Time,,2012,
Proceedings Paper,Forward symbolic model checking for real time systems,10.1145/1120725.1120820,2005,
Proceedings Paper,Compilation of Synchronous Observers as Code Contracts,10.1145/2695664.2695819,2015,
Proceedings Paper,Programming Deterministic Reactive Systems with Synchronous Java,,2013,
Proceedings Paper,SmartC: A component-based hierarchical modeling language for automotive electronics,,2006,
Proceedings Paper,A Simulation Approach for SIGNAL Time Model Concern on Multi-clock System,10.1007/978-981-10-3482-4_3,2016,
Article,Sequentially Constructive Concurrency-A Conservative Extension of the Synchronous Model of Computation,10.1145/2627350,2014,
Proceedings Paper,On the polychronous approach to embedded software design - A POMSET interpretation of endochrony,10.1007/978-1-4020-6254-4_20,2007,
Article,The polychronous model of computation and Kahn process networks,10.1016/j.scico.2023.102958,2023,
Proceedings Paper,Evaluation of an Esterel-based Hardware/Software Co-Design Flow,10.1109/SIES.2009.5196190,2009,
Article,Synchronous Programming of Device Drivers for Global Resource Control in Embedded Operating Systems,10.1145/2435227.2435235,2013,
Proceedings Paper,From Distributed Sensing to Virtual Sensors: a Domain-Specific Language for Reactive Centralized Edge-Fog-Cloud Computation,10.1109/EUC57774.2022.00028,2022,
Proceedings Paper,Towards Sparse Synchronous Programming in Lua,10.1145/3576914.3587502,2023,
,"Method for managing distributed embedded device, involves receiving target device management request sent by client end according to target device information, and sending request to device based on service such that client end manages device",,,
Article,Integrated manufacturing system of high-pressure FRP pipes,,2007,
Dissertation/Thesis,Formal Model Driven Software Synthesis for Embedded Systems,,2011,
Article; Proceedings Paper,Denotational fixed-point semantics for constructive scheduling of synchronous concurrency,10.1007/s00236-015-0238-x,2015,
Article,Synthesizing safe state machines from Esterel,10.1145/1159974.1134667,2006,
Article,Push recovery control of quadruped robot using particle swarm optimization based structure specified mixed sensitivity H2/H∞ control,10.1108/IR-06-2019-0135,2020,
Dissertation/Thesis,Actor -oriented programming for wireless sensor networks,,2007,
Article; Proceedings Paper,A metamodel for the design of polychronous systems,10.1016/j.jlap.2008.11.005,2009,
Article,Synchronous Deterministic Parallel Programming for Multi-Cores with ForeC,10.1145/3591594,2023,
Awarded Grant,ITR: Advanced Programming Languages for Embedded Systems,,2002,
Proceedings Paper,Building a Hybrid Systems Modeler from Synchronous Language Principles,,2015,
Article,Embedding Polychrony into Synchrony,10.1109/TSE.2012.85,2013,
Dissertation/Thesis,Elastic Time Step Reinforcement Learning,,2024,
Proceedings Paper,Divide and Recycle: Types and Compilation for a Hybrid Synchronous Language,,2011,
Article,Timed CCP compositionally embeds Argos and Lustre,10.1007/s00165-004-0041-x,2004,
Dissertation/Thesis,Interface theories for causality analysis in actor networks,,2007,
Proceedings Paper,P2I: An innovative MDA methodology for embedded real-time system,,2005,
Proceedings Paper,Prototyping Method for Complex-Shaped Textile Composite Panels Developing a digitally controlled reconfigurable mold,,2018,
Article,Divide and Recycle: Types and Compilation for a Hybrid Synchronous Language,10.1145/2016603.1967687,2011,
Awarded Grant,I/UCRC FRP: Collaborative Research: Scalable and Power-Efficient Compressive Sensing CMOS Image Sensors and Reconstruction Circuits,,2015,
Article; Proceedings Paper,From Simulink to SCADE/Lustre to TTA: a layered approach for distributed embedded applications,10.1145/780731.780754,2003,
Awarded Grant,SHF: Small: Accelerating Asynchronous Programs through Synergistic Hardware/Software Customization,,2015,
Article,Loosely Time-Triggered Architectures: Improvements and Comparisons,10.1145/2932189,2016,
Awarded Grant,I/UCRC FRP: Collaborative Research: Scalable and Power-Efficient Compressive Sensing CMOS Image Sensors and Reconstruction Circuits,,2015,
Proceedings Paper,Certifying and Reasoning on Cost Annotations in C Programs,,2012,
Article,Reliability assessment of pultruded FRP reinforcements with embedded fiber optic sensors,10.1016/S0263-8223(00)00081-7,2000,
Article,Methodology for Forensics Data Reconstruction on Mobile Devices with Android Operating System Applying In-System Programming and Combination Firmware,10.3390/app10124231,2020,
Article,Runtime Enforcement of Cyber-Physical Systems,10.1145/3126500,2017,
Proceedings Paper,PyroFocus: A Deep Learning Approach to Real-Time Wildfire Detection in Multispectral Remote Sensing Imagery,10.1109/ICCVW69036.2025.00298,2025,
Proceedings Paper,Monitoring Distributed Reactive Systems,,2012,
Article,"A Calculus for Esterel If can, can. If no can, no can",10.1145/3290374,2019,
Awarded Grant,I/UCRC FRP: Collaborative Research: Testability and timing analysis in nanoscale designs in the presence of process variations,,2014,
Awarded Grant,I/UCRC FRP: Collaborative Research: Testability and timing analysis in nanoscale designs in the presence of process variations,,2014,
Article; Proceedings Paper,Time-safety checking for embedded programs,,2002,
Proceedings Paper,An Alternative Polychronous Model and Synthesis Methodology for Model-Driven Embedded Software,10.1109/ASPDAC.2010.5419925,2010,
Article; Proceedings Paper,Modular Code Generation from Synchronous Block Diagrams Modularity vs. Code Size,10.1145/1594834.1480893,2009,
Article,From Latency-Insensitive Design to Communication-Based System-Level Design,10.1109/JPROC.2015.2480849,2015,
Article,Contracts for System Design,10.1561/1000000053,2018,
Dissertation/Thesis,HAL-ASOS - Hardware Assisted Linux for Application Specific Operating System,,2022,
Article,A type-based analysis of causality loops in hybrid systems modelers,10.1016/j.nahs.2017.04.004,2017,
Awarded Grant,SHF: Small: A Hybrid Synchronous Language for Verifiable Execution of Cyber-Physical Systems,,2024,
Article,Numerical evaluation of bond-slip relations for near-surface mounted carbon fiber bars embedded in concrete,10.1016/j.conbuildmat.2012.11.073,2013,
Dissertation/Thesis,Early Detection of Digital Dermatitis in Cattle Using Computer Vision,,2023,
